<publishData>
  <publishTarget publishUrl="D:\dot net\Robi.Play.mWeb\Publish\">
    <file relUrl="Pages/CT.aspx" publishTime="06/19/2011 16:46:28" />
    <file relUrl="Pictures/logo-amar-fram.jpg" publishTime="12/26/2012 14:15:20" />
    <file relUrl="Pictures/Game_Club_Banner.jpg" publishTime="06/15/2011 18:25:42" />
    <file relUrl="Pictures/NewSearch.gif" publishTime="07/14/2013 08:52:30" />
    <file relUrl="BlackBerryGames/Footballz2010_50x50.gif" publishTime="08/23/2011 13:28:20" />
    <file relUrl="Pages/GCErrorPage.aspx" publishTime="07/14/2013 15:12:04" />
    <file relUrl="Pictures/Promotion.gif" publishTime="05/04/2011 11:52:32" />
    <file relUrl="Pictures/High_Speed_3D_50X50.gif" publishTime="09/06/2011 14:46:48" />
    <file relUrl="Pages/GameList.aspx" publishTime="11/28/2013 16:02:52" />
    <file relUrl="BlackBerryGames/Pet-Analyzer_50x50_p.gif" publishTime="08/23/2011 13:28:20" />
    <file relUrl="Top50Banner/D174x132/Top_50_Wap_Banner.gif" publishTime="09/20/2012 10:36:38" />
    <file relUrl="Top50Banner/D128x128/Top_50_Wap_Banner.gif" publishTime="09/20/2012 10:36:38" />
    <file relUrl="UserControls/GuessWordTopScore.ascx" publishTime="08/05/2013 13:40:20" />
    <file relUrl="Pictures/LowestBackground.jpg" publishTime="05/15/2011 12:49:06" />
    <file relUrl="UserControls/UnderConstruction.ascx" publishTime="05/30/2011 13:27:14" />
    <file relUrl="Pages/Promotion.aspx" publishTime="07/14/2013 12:20:36" />
    <file relUrl="Pictures/download-button.jpg" publishTime="05/16/2011 18:11:48" />
    <file relUrl="bin/HC.BLL.pdb" publishTime="03/11/2014 14:06:10" />
    <file relUrl="Pages/GCTestGP.aspx" publishTime="07/14/2013 12:20:36" />
    <file relUrl="Pages/MoreTopGames.aspx" publishTime="07/14/2013 12:20:36" />
    <file relUrl="Pictures/LowestBackground_30px.jpg" publishTime="05/15/2011 12:49:06" />
    <file relUrl="UserControls/Header.ascx" publishTime="10/27/2013 15:13:43" />
    <file relUrl="UserControls/WappyPortalAccess.ascx" publishTime="05/30/2011 16:56:02" />
    <file relUrl="Pictures/new_icon_red.gif" publishTime="01/29/2013 17:39:54" />
    <file relUrl="bin/HC.UI.pdb" publishTime="04/03/2014 12:00:46" />
    <file relUrl="Top50Banner/D208x144/Top_50_Wap_Banner.gif" publishTime="09/20/2012 10:36:38" />
    <file relUrl="UserControls/track.ascx" publishTime="08/17/2011 13:55:20" />
    <file relUrl="Pages/Search.aspx" publishTime="11/06/2013 10:28:57" />
    <file relUrl="Top50Banner/D208x208/Top_50_Wap_Banner.gif" publishTime="09/20/2012 10:36:38" />
    <file relUrl="Top50Banner/D128x96/Top_50_Wap_Banner.gif" publishTime="09/20/2012 10:36:38" />
    <file relUrl="UserControls/TopScorer.ascx" publishTime="09/27/2011 11:05:28" />
    <file relUrl="Pages/TopScorer.aspx" publishTime="07/14/2013 12:20:36" />
    <file relUrl="UserControls/PlayWinTest.ascx" publishTime="12/27/2011 12:47:42" />
    <file relUrl="BlackBerryGames/Fieldrunners.gif" publishTime="08/23/2011 13:28:20" />
    <file relUrl="Top50Banner/D128x115/Top_50_Wap_Banner.gif" publishTime="09/20/2012 10:36:38" />
    <file relUrl="Pages/AjaxRotateBanner.aspx" publishTime="10/13/2013 15:38:14" />
    <file relUrl="UserControls/RepeaterTest.ascx" publishTime="05/26/2011 11:37:02" />
    <file relUrl="UserControls/QutePortalAccess.ascx" publishTime="05/31/2011 15:12:10" />
    <file relUrl="UserControls/Landing.ascx" publishTime="05/25/2011 16:05:30" />
    <file relUrl="UserControls/GCGameList.ascx" publishTime="04/03/2014 11:59:21" />
    <file relUrl="Pages/Home.aspx" publishTime="07/12/2013 16:56:02" />
    <file relUrl="Pictures/submitbutton.jpg" publishTime="07/15/2013 09:00:40" />
    <file relUrl="Pictures/High_Speed_3D_Free_Play.gif" publishTime="07/03/2011 10:50:24" />
    <file relUrl="Pages/CricketGuessWordTopScore.aspx" publishTime="03/13/2014 15:34:12" />
    <file relUrl="Pictures/fb_small.png" publishTime="04/10/2011 15:08:30" />
    <file relUrl="Pictures/FB_25_px.jpg" publishTime="05/02/2012 15:18:22" />
    <file relUrl="Pages/GameClub.aspx" publishTime="07/14/2013 12:20:38" />
    <file relUrl="Top50Banner/D96x65/Top_50_Wap_Banner.gif" publishTime="09/20/2012 10:36:38" />
    <file relUrl="Pages/ContentDownload.aspx" publishTime="07/14/2013 12:20:38" />
    <file relUrl="Pictures/GC_Arrow1.jpg" publishTime="07/14/2013 08:44:38" />
    <file relUrl="Pages/GCTest.aspx" publishTime="07/14/2013 12:20:38" />
    <file relUrl="Pictures/twitter_small.png" publishTime="04/10/2011 15:08:30" />
    <file relUrl="Top50Banner/D240x400/Top_50_Wap_Banner.gif" publishTime="09/20/2012 10:36:38" />
    <file relUrl="Pages/MyDownloads.aspx" publishTime="11/28/2013 16:36:21" />
    <file relUrl="Pages/GPWorldPortalAccess.aspx" publishTime="06/14/2011 18:44:08" />
    <file relUrl="UserControls/PlayAndWin.ascx" publishTime="03/18/2012 14:30:56" />
    <file relUrl="BlackBerryGames/Alien_Massacre_50X50.gif" publishTime="08/23/2011 13:28:20" />
    <file relUrl="Pages/MiddlePage.aspx" publishTime="04/03/2014 11:57:57" />
    <file relUrl="Utilities/HCConfig_M.xml" publishTime="07/14/2013 15:44:18" />
    <file relUrl="HCPP.aspx" publishTime="07/14/2013 12:20:38" />
    <file relUrl="Pictures/search_icon.jpg" publishTime="04/20/2011 13:07:16" />
    <file relUrl="Pictures/LowestBanner30px.png" publishTime="04/12/2011 16:33:10" />
    <file relUrl="GameClub/GCTestGP.aspx" publishTime="07/14/2013 12:20:38" />
    <file relUrl="UserControls/TopScorerWeb.ascx" publishTime="11/30/2011 18:11:10" />
    <file relUrl="UserControls/GameClub.ascx" publishTime="09/19/2013 18:22:52" />
    <file relUrl="Pictures/Btn_Join02.jpg" publishTime="04/24/2012 15:22:02" />
    <file relUrl="Pages/TermsAndCondition.aspx" publishTime="11/28/2013 16:36:02" />
    <file relUrl="Pictures/LowestBackground.png" publishTime="04/10/2011 15:43:24" />
    <file relUrl="UserControls/HighSpeed3D.ascx" publishTime="09/06/2011 14:56:58" />
    <file relUrl="bin/HC.DAL.dll" publishTime="03/11/2014 13:59:50" />
    <file relUrl="UserControls/BlackBerryGamesList.ascx" publishTime="08/23/2011 14:46:58" />
    <file relUrl="BlackBerryGames/Next-Level_50x50.gif" publishTime="08/23/2011 13:28:20" />
    <file relUrl="Pictures/HC_Logo.jpg" publishTime="06/09/2011 17:58:48" />
    <file relUrl="Top50Banner/D220x176/Top_50_Wap_Banner.gif" publishTime="09/20/2012 10:36:38" />
    <file relUrl="Pages/PWTest.aspx" publishTime="07/14/2013 12:20:36" />
    <file relUrl="App_Code/CDA.cs" publishTime="07/24/2013 12:33:14" />
    <file relUrl="Web.config" publishTime="03/09/2014 10:41:24" />
    <file relUrl="Top50Banner/D320x320/Top_50_Wap_Banner.gif" publishTime="09/20/2012 10:36:38" />
    <file relUrl="Pictures/Fight_Top-50.jpg" publishTime="09/23/2012 11:54:00" />
    <file relUrl="UserControls/Search.ascx" publishTime="07/10/2011 09:55:04" />
    <file relUrl="Pages/QutePortalAccess.aspx" publishTime="07/14/2013 12:20:36" />
    <file relUrl="Pages/GPTest.aspx" publishTime="07/14/2013 12:20:36" />
    <file relUrl="Pages/WithPortalAccess.aspx" publishTime="07/14/2013 12:20:34" />
    <file relUrl="Pictures/Btn_Ok02.jpg" publishTime="04/24/2012 15:22:02" />
    <file relUrl="Pictures/join.jpg" publishTime="06/15/2011 17:12:56" />
    <file relUrl="Top50Banner/D176x220/Top_50_Wap_Banner.gif" publishTime="09/20/2012 10:36:38" />
    <file relUrl="UserControls/GPWorldPortalAccess.ascx" publishTime="04/28/2011 14:19:48" />
    <file relUrl="BlackBerryGames/Tuning_Cars_50X50.gif" publishTime="08/23/2011 13:28:20" />
    <file relUrl="Pages/GameClubHome.aspx" publishTime="05/29/2013 11:55:34" />
    <file relUrl="Top50Banner/D120x80/Top_50_Wap_Banner.gif" publishTime="09/20/2012 10:36:38" />
    <file relUrl="Pages/Support.aspx" publishTime="11/28/2013 16:35:52" />
    <file relUrl="UserControls/SubFooter.ascx" publishTime="06/07/2011 15:57:08" />
    <file relUrl="UserControls/GameList.ascx" publishTime="04/03/2014 11:58:17" />
    <file relUrl="Pages/PlayNWinScoreBoard.aspx" publishTime="03/22/2014 11:09:42" />
    <file relUrl="Pages/GPTest2.aspx" publishTime="08/16/2011 15:49:00" />
    <file relUrl="Pages/GameClubNew.aspx" publishTime="05/29/2013 11:55:42" />
    <file relUrl="Top50Banner/D480x320/Top_50_Wap_Banner.gif" publishTime="09/20/2012 10:36:38" />
    <file relUrl="UserControls/Home.ascx" publishTime="04/03/2014 12:00:44" />
    <file relUrl="UserControls/gptest2.ascx" publishTime="08/17/2011 13:49:52" />
    <file relUrl="bin/HC.DAL.pdb" publishTime="03/11/2014 13:59:50" />
    <file relUrl="UserControls/GuessGame.ascx" publishTime="01/16/2014 14:52:23" />
    <file relUrl="UserControls/PlayAndWinDetails.ascx" publishTime="12/29/2011 18:39:46" />
    <file relUrl="UserControls/PlayWinPromotion.ascx" publishTime="11/20/2011 17:18:14" />
    <file relUrl="UserControls/MoreFreeGames.ascx" publishTime="04/03/2014 11:57:30" />
    <file relUrl="Pictures/new.gif" publishTime="01/29/2013 17:50:52" />
    <file relUrl="UserControls/HomeGrid.ascx" publishTime="10/27/2013 15:09:44" />
    <file relUrl="Pages/PW.aspx" publishTime="07/14/2013 12:20:36" />
    <file relUrl="Pictures/HoiChoiLogo.jpg" publishTime="05/12/2011 11:18:10" />
    <file relUrl="Pages/OnlineGameAccess.aspx" publishTime="09/10/2013 17:33:03" />
    <file relUrl="Pages/PlayAndWin.aspx" publishTime="07/14/2013 12:20:36" />
    <file relUrl="StyleSheet/StyleSheet.css" publishTime="04/03/2014 12:02:03" />
    <file relUrl="UserControls/MoreTopGames.ascx" publishTime="04/03/2014 11:57:44" />
    <file relUrl="Top50Banner/D480x800/Top_50_Wap_Banner.gif" publishTime="09/20/2012 10:36:38" />
    <file relUrl="UserControls/GetHoiChoiJG.ascx" publishTime="05/26/2011 11:29:04" />
    <file relUrl="Pictures/iconnew.gif" publishTime="01/29/2013 17:48:26" />
    <file relUrl="BlackBerryGames/Love-Tester_50x50_p.gif" publishTime="08/23/2011 13:28:20" />
    <file relUrl="Top50Banner/D360x640/Top_50_Wap_Banner.gif" publishTime="09/20/2012 10:36:38" />
    <file relUrl="UserControls/HeadeHome.ascx" publishTime="04/03/2014 12:04:59" />
    <file relUrl="App_Code/ClsUAProfile.cs" publishTime="07/14/2013 14:41:08" />
    <file relUrl="Pages/DownLoad.aspx" publishTime="11/28/2013 16:28:18" />
    <file relUrl="Utilities/HCConfig.xml" publishTime="07/14/2013 15:50:30" />
    <file relUrl="UserControls/Category.ascx" publishTime="06/06/2011 11:11:18" />
    <file relUrl="Pages/WappyPortalAccess.aspx" publishTime="07/14/2013 12:20:36" />
    <file relUrl="Top50Banner/D110x110/Top_50_Wap_Banner.gif" publishTime="09/20/2012 10:36:38" />
    <file relUrl="UserControls/TermsAndCondition.ascx" publishTime="07/16/2013 14:45:26" />
    <file relUrl="UserControls/TestCharging.ascx" publishTime="06/01/2011 19:02:46" />
    <file relUrl="Pages/TopScorerWeb.aspx" publishTime="07/14/2011 11:45:08" />
    <file relUrl="Pages/Top50.aspx" publishTime="07/14/2013 12:20:36" />
    <file relUrl="UserControls/GameClubBanner.ascx" publishTime="03/25/2012 13:24:46" />
    <file relUrl="Pictures/Download_button.jpg" publishTime="04/12/2011 11:41:44" />
    <file relUrl="BlackBerryGames/MontyPythonsCowTossing.gif" publishTime="08/23/2011 13:28:20" />
    <file relUrl="UserControls/HCPP.ascx" publishTime="10/24/2011 14:17:40" />
    <file relUrl="Pages/LT.aspx" publishTime="07/14/2013 12:20:36" />
    <file relUrl="Pages/Landing.aspx" publishTime="07/14/2013 12:20:36" />
    <file relUrl="Pages/GuessGame.aspx" publishTime="07/14/2013 09:21:12" />
    <file relUrl="Pages/BBDownload.aspx" publishTime="08/23/2011 14:36:16" />
    <file relUrl="PnWScore.aspx" publishTime="09/27/2011 10:17:22" />
    <file relUrl="UserControls/RecommandedGames.ascx" publishTime="05/26/2011 11:36:46" />
    <file relUrl="Pages/RecommandedGames.aspx" publishTime="07/14/2013 12:20:36" />
    <file relUrl="UserControls/GameListNew.ascx" publishTime="02/26/2013 14:56:34" />
    <file relUrl="Default.aspx" publishTime="07/12/2013 16:33:26" />
    <file relUrl="UserControls/LoadTest.ascx" publishTime="05/30/2012 12:00:34" />
    <file relUrl="UserControls/ContentDownload.ascx" publishTime="09/05/2013 16:51:35" />
    <file relUrl="Pages/Category.aspx" publishTime="07/14/2013 12:20:38" />
    <file relUrl="Pictures/ok_button.jpg" publishTime="05/23/2011 11:58:52" />
    <file relUrl="UserControls/BlackBerry.ascx" publishTime="08/21/2011 14:50:58" />
    <file relUrl="Pages/GCCompatibleSubscriber.aspx" publishTime="07/14/2013 15:12:04" />
    <file relUrl="Top50Banner/D176x208/Top_50_Wap_Banner.gif" publishTime="09/20/2012 10:36:38" />
    <file relUrl="UserControls/GameClubHome.ascx" publishTime="03/06/2012 10:48:12" />
    <file relUrl="UserControls/Support.ascx" publishTime="11/05/2013 14:22:00" />
    <file relUrl="Top50Banner/D240x320/Top_50_Wap_Banner.gif" publishTime="09/20/2012 10:36:38" />
    <file relUrl="bin/HC.UI.dll" publishTime="04/03/2014 12:00:46" />
    <file relUrl="Pages/GPTestDetails.aspx" publishTime="07/14/2013 12:20:36" />
    <file relUrl="Pictures/Btn_Join01.jpg" publishTime="04/24/2012 15:22:44" />
    <file relUrl="Top50Banner/D320x240/Top_50_Wap_Banner.gif" publishTime="09/20/2012 10:36:38" />
    <file relUrl="UserControls/Promotion.ascx" publishTime="05/15/2011 15:46:16" />
    <file relUrl="Pictures/Game_Club.jpg" publishTime="07/15/2013 08:58:42" />
    <file relUrl="Top50Banner/D120x160/Top_50_Wap_Banner.gif" publishTime="09/20/2012 10:36:38" />
    <file relUrl="Pages/RepeaterTest.aspx" publishTime="06/14/2011 18:44:06" />
    <file relUrl="Pictures/HighSpeed3D.gif" publishTime="07/03/2011 12:39:08" />
    <file relUrl="Pictures/PlayNWin.jpg" publishTime="09/28/2011 21:56:26" />
    <file relUrl="Pictures/search_button.jpg" publishTime="05/16/2011 16:17:16" />
    <file relUrl="Pictures/Btn_Ok01.jpg" publishTime="04/24/2012 15:22:44" />
    <file relUrl="Pages/BB.aspx" publishTime="08/23/2011 14:36:38" />
    <file relUrl="UserControls/OtherLinks.ascx" publishTime="07/12/2013 17:10:16" />
    <file relUrl="Pictures/Priyo_Top-50.jpg" publishTime="09/23/2012 11:54:00" />
    <file relUrl="UserControls/OnlineGames.ascx" publishTime="11/19/2013 15:32:37" />
    <file relUrl="Pages/UnderConstruction.aspx" publishTime="07/14/2013 12:20:36" />
    <file relUrl="Pages/GetHoiChoiJG.aspx" publishTime="07/14/2013 12:20:36" />
    <file relUrl="Pages/OnlineGames.aspx" publishTime="07/14/2013 12:20:36" />
    <file relUrl="Pictures/download.jpg" publishTime="07/16/2013 15:17:32" />
    <file relUrl="bin/HC.BLL.dll" publishTime="03/11/2014 14:06:10" />
    <file relUrl="UserControls/TrackDetails.ascx" publishTime="08/17/2011 13:49:00" />
    <file relUrl="UserControls/Download.ascx" publishTime="04/03/2014 11:58:25" />
    <file relUrl="UserControls/Footer.ascx" publishTime="10/27/2013 15:18:05" />
    <file relUrl="UserControls/WithPortalAccess.ascx" publishTime="05/30/2011 16:42:24" />
    <file relUrl="Pages/Test.aspx" publishTime="06/14/2011 18:44:04" />
    <file relUrl="Pages/CricketGuessGame.aspx" publishTime="03/13/2014 19:18:27" />
    <file relUrl="Utilities/HCConfig_WAP.xml" publishTime="07/14/2013 15:44:26" />
    <file relUrl="Pages/MoreFreeGames.aspx" publishTime="07/14/2013 12:20:36" />
    <file relUrl="Pages/GuessWordTopScore.aspx" publishTime="08/05/2013 15:13:04" />
    <file relUrl="Pages/Subscription.aspx" publishTime="11/28/2013 16:36:43" />
    <file relUrl="Pages/GCTnC.aspx" publishTime="07/16/2013 14:51:52" />
    <file relUrl="BlackBerryGames/UPL2011_50x50_p.gif" publishTime="08/23/2011 13:28:20" />
  </publishTarget>
  <publishTarget publishUrl="D:\dot net\RobiPlay.mWeb\Publish\">
    <file relUrl="Pages/CT.aspx" publishTime="06/19/2011 16:46:29" />
    <file relUrl="Pictures/logo-amar-fram.jpg" publishTime="12/26/2012 14:15:21" />
    <file relUrl="Pictures/Game_Club_Banner.jpg" publishTime="06/15/2011 18:25:43" />
    <file relUrl="Pictures/NewSearch.gif" publishTime="07/14/2013 08:52:31" />
    <file relUrl="BlackBerryGames/Footballz2010_50x50.gif" publishTime="08/23/2011 13:28:20" />
    <file relUrl="Pages/GCErrorPage.aspx" publishTime="07/14/2013 15:12:05" />
    <file relUrl="Pictures/Promotion.gif" publishTime="05/04/2011 11:52:32" />
    <file relUrl="Pictures/High_Speed_3D_50X50.gif" publishTime="09/06/2011 14:46:49" />
    <file relUrl="Pages/GameList.aspx" publishTime="07/14/2013 09:24:33" />
    <file relUrl="BlackBerryGames/Pet-Analyzer_50x50_p.gif" publishTime="08/23/2011 13:28:20" />
    <file relUrl="Top50Banner/D174x132/Top_50_Wap_Banner.gif" publishTime="09/20/2012 10:36:39" />
    <file relUrl="Top50Banner/D128x128/Top_50_Wap_Banner.gif" publishTime="09/20/2012 10:36:39" />
    <file relUrl="UserControls/GuessWordTopScore.ascx" publishTime="03/03/2013 15:34:51" />
    <file relUrl="Pictures/LowestBackground.jpg" publishTime="05/15/2011 12:49:06" />
    <file relUrl="Pages/Promotion.aspx" publishTime="07/14/2013 12:20:37" />
    <file relUrl="Pictures/download-button.jpg" publishTime="05/16/2011 18:11:49" />
    <file relUrl="bin/HC.BLL.pdb" publishTime="07/14/2013 14:41:31" />
    <file relUrl="Pages/MoreTopGames.aspx" publishTime="07/14/2013 12:20:37" />
    <file relUrl="Pictures/LowestBackground_30px.jpg" publishTime="05/15/2011 12:49:06" />
    <file relUrl="UserControls/Header.ascx" publishTime="07/14/2013 12:22:08" />
    <file relUrl="Pictures/LowestBackground.png" publishTime="04/10/2011 15:43:24" />
    <file relUrl="Pictures/new_icon_red.gif" publishTime="01/29/2013 17:39:55" />
    <file relUrl="bin/HC.UI.pdb" publishTime="07/14/2013 16:10:01" />
    <file relUrl="Top50Banner/D208x144/Top_50_Wap_Banner.gif" publishTime="09/20/2012 10:36:39" />
    <file relUrl="UserControls/track.ascx" publishTime="08/17/2011 13:55:20" />
    <file relUrl="Pages/Search.aspx" publishTime="07/14/2013 12:20:37" />
    <file relUrl="Top50Banner/D208x208/Top_50_Wap_Banner.gif" publishTime="09/20/2012 10:36:39" />
    <file relUrl="Top50Banner/D128x96/Top_50_Wap_Banner.gif" publishTime="09/20/2012 10:36:39" />
    <file relUrl="UserControls/TopScorer.ascx" publishTime="09/27/2011 11:05:29" />
    <file relUrl="Pages/TopScorer.aspx" publishTime="07/14/2013 12:20:36" />
    <file relUrl="UserControls/PlayWinTest.ascx" publishTime="12/27/2011 12:47:43" />
    <file relUrl="BlackBerryGames/Fieldrunners.gif" publishTime="08/23/2011 13:28:20" />
    <file relUrl="Top50Banner/D128x115/Top_50_Wap_Banner.gif" publishTime="09/20/2012 10:36:39" />
    <file relUrl="UserControls/RepeaterTest.ascx" publishTime="05/26/2011 11:37:02" />
    <file relUrl="UserControls/QutePortalAccess.ascx" publishTime="05/31/2011 15:12:10" />
    <file relUrl="UserControls/Landing.ascx" publishTime="05/25/2011 16:05:31" />
    <file relUrl="UserControls/GCGameList.ascx" publishTime="02/26/2013 16:57:19" />
    <file relUrl="Pages/Home.aspx" publishTime="07/12/2013 16:56:03" />
    <file relUrl="Pictures/submitbutton.jpg" publishTime="09/24/2012 15:33:55" />
    <file relUrl="Pictures/High_Speed_3D_Free_Play.gif" publishTime="07/03/2011 10:50:24" />
    <file relUrl="Pictures/fb_small.png" publishTime="04/10/2011 15:08:30" />
    <file relUrl="Pictures/FB_25_px.jpg" publishTime="05/02/2012 15:18:22" />
    <file relUrl="Pages/GameClub.aspx" publishTime="07/14/2013 12:20:38" />
    <file relUrl="Top50Banner/D96x65/Top_50_Wap_Banner.gif" publishTime="09/20/2012 10:36:39" />
    <file relUrl="Pages/ContentDownload.aspx" publishTime="07/14/2013 12:20:38" />
    <file relUrl="Pictures/GC_Arrow1.jpg" publishTime="07/14/2013 08:44:39" />
    <file relUrl="Pages/GCTest.aspx" publishTime="07/14/2013 12:20:38" />
    <file relUrl="Pictures/twitter_small.png" publishTime="04/10/2011 15:08:30" />
    <file relUrl="Top50Banner/D240x400/Top_50_Wap_Banner.gif" publishTime="09/20/2012 10:36:38" />
    <file relUrl="Pages/Support.aspx" publishTime="07/14/2013 12:20:36" />
    <file relUrl="Pages/GCTestGP.aspx" publishTime="07/14/2013 12:20:37" />
    <file relUrl="Pages/GPWorldPortalAccess.aspx" publishTime="06/14/2011 18:44:08" />
    <file relUrl="UserControls/PlayAndWin.ascx" publishTime="03/18/2012 14:30:56" />
    <file relUrl="BlackBerryGames/Alien_Massacre_50X50.gif" publishTime="08/23/2011 13:28:20" />
    <file relUrl="Pages/MiddlePage.aspx" publishTime="07/14/2013 08:55:02" />
    <file relUrl="Utilities/HCConfig_M.xml" publishTime="07/14/2013 15:44:19" />
    <file relUrl="HCPP.aspx" publishTime="07/14/2013 12:20:38" />
    <file relUrl="Pictures/search_icon.jpg" publishTime="04/20/2011 13:07:16" />
    <file relUrl="Pictures/LowestBanner30px.png" publishTime="04/12/2011 16:33:10" />
    <file relUrl="GameClub/GCTestGP.aspx" publishTime="07/14/2013 12:20:38" />
    <file relUrl="Pictures/Fight_Top-50.jpg" publishTime="09/23/2012 11:54:00" />
    <file relUrl="UserControls/GameClub.ascx" publishTime="07/14/2013 15:59:09" />
    <file relUrl="Pictures/Btn_Join02.jpg" publishTime="04/24/2012 15:22:02" />
    <file relUrl="Pages/TermsAndCondition.aspx" publishTime="07/14/2013 12:20:36" />
    <file relUrl="UserControls/HighSpeed3D.ascx" publishTime="09/06/2011 14:56:59" />
    <file relUrl="bin/HC.DAL.dll" publishTime="07/14/2013 14:41:31" />
    <file relUrl="UserControls/BlackBerryGamesList.ascx" publishTime="08/23/2011 14:46:59" />
    <file relUrl="BlackBerryGames/Next-Level_50x50.gif" publishTime="08/23/2011 13:28:20" />
    <file relUrl="Pictures/HC_Logo.jpg" publishTime="06/09/2011 17:58:49" />
    <file relUrl="Top50Banner/D220x176/Top_50_Wap_Banner.gif" publishTime="09/20/2012 10:36:39" />
    <file relUrl="App_Code/CDA.cs" publishTime="03/09/2012 15:15:06" />
    <file relUrl="Top50Banner/D320x320/Top_50_Wap_Banner.gif" publishTime="09/20/2012 10:36:38" />
    <file relUrl="UserControls/UnderConstruction.ascx" publishTime="05/30/2011 13:27:14" />
    <file relUrl="UserControls/Search.ascx" publishTime="07/10/2011 09:55:05" />
    <file relUrl="Pages/QutePortalAccess.aspx" publishTime="07/14/2013 12:20:37" />
    <file relUrl="Pages/GPTest.aspx" publishTime="07/14/2013 12:20:37" />
    <file relUrl="Pages/WithPortalAccess.aspx" publishTime="07/14/2013 12:20:34" />
    <file relUrl="Pictures/Btn_Ok02.jpg" publishTime="04/24/2012 15:22:02" />
    <file relUrl="Pictures/join.jpg" publishTime="06/15/2011 17:12:57" />
    <file relUrl="Top50Banner/D176x220/Top_50_Wap_Banner.gif" publishTime="09/20/2012 10:36:39" />
    <file relUrl="UserControls/GPWorldPortalAccess.ascx" publishTime="04/28/2011 14:19:48" />
    <file relUrl="BlackBerryGames/Tuning_Cars_50X50.gif" publishTime="08/23/2011 13:28:20" />
    <file relUrl="Pages/GameClubHome.aspx" publishTime="05/29/2013 11:55:34" />
    <file relUrl="Top50Banner/D120x80/Top_50_Wap_Banner.gif" publishTime="09/20/2012 10:36:39" />
    <file relUrl="Web.config" publishTime="03/21/2012 11:05:35" />
    <file relUrl="UserControls/SubFooter.ascx" publishTime="06/07/2011 15:57:09" />
    <file relUrl="UserControls/GameList.ascx" publishTime="01/28/2013 14:19:34" />
    <file relUrl="Pages/GPTest2.aspx" publishTime="08/16/2011 15:49:01" />
    <file relUrl="Pages/GameClubNew.aspx" publishTime="05/29/2013 11:55:42" />
    <file relUrl="Top50Banner/D480x320/Top_50_Wap_Banner.gif" publishTime="09/20/2012 10:36:38" />
    <file relUrl="UserControls/Home.ascx" publishTime="07/14/2013 09:25:26" />
    <file relUrl="UserControls/gptest2.ascx" publishTime="08/17/2011 13:49:52" />
    <file relUrl="bin/HC.DAL.pdb" publishTime="07/14/2013 14:41:31" />
    <file relUrl="UserControls/GuessGame.ascx" publishTime="03/03/2013 15:35:17" />
    <file relUrl="UserControls/PlayWinPromotion.ascx" publishTime="11/20/2011 17:18:15" />
    <file relUrl="UserControls/MoreFreeGames.ascx" publishTime="10/24/2011 11:39:57" />
    <file relUrl="Pictures/new.gif" publishTime="01/29/2013 17:50:52" />
    <file relUrl="UserControls/HomeGrid.ascx" publishTime="05/25/2011 15:25:34" />
    <file relUrl="Pages/PW.aspx" publishTime="07/14/2013 12:20:37" />
    <file relUrl="Pictures/HoiChoiLogo.jpg" publishTime="05/12/2011 11:18:10" />
    <file relUrl="Pages/OnlineGames.aspx" publishTime="07/14/2013 12:20:37" />
    <file relUrl="Pages/PlayAndWin.aspx" publishTime="07/14/2013 12:20:37" />
    <file relUrl="StyleSheet/StyleSheet.css" publishTime="07/14/2013 09:31:20" />
    <file relUrl="UserControls/MoreTopGames.ascx" publishTime="05/15/2012 11:56:48" />
    <file relUrl="Top50Banner/D480x800/Top_50_Wap_Banner.gif" publishTime="09/20/2012 10:36:39" />
    <file relUrl="UserControls/GetHoiChoiJG.ascx" publishTime="05/26/2011 11:29:05" />
    <file relUrl="Pictures/iconnew.gif" publishTime="01/29/2013 17:48:27" />
    <file relUrl="BlackBerryGames/Love-Tester_50x50_p.gif" publishTime="08/23/2011 13:28:20" />
    <file relUrl="Top50Banner/D360x640/Top_50_Wap_Banner.gif" publishTime="09/20/2012 10:36:38" />
    <file relUrl="UserControls/HeadeHome.ascx" publishTime="07/14/2013 09:28:04" />
    <file relUrl="App_Code/ClsUAProfile.cs" publishTime="07/14/2013 14:41:09" />
    <file relUrl="Pages/DownLoad.aspx" publishTime="07/14/2013 12:20:38" />
    <file relUrl="Utilities/HCConfig.xml" publishTime="07/14/2013 15:50:31" />
    <file relUrl="UserControls/Category.ascx" publishTime="06/06/2011 11:11:19" />
    <file relUrl="Pages/WappyPortalAccess.aspx" publishTime="07/14/2013 12:20:36" />
    <file relUrl="Top50Banner/D110x110/Top_50_Wap_Banner.gif" publishTime="09/20/2012 10:36:39" />
    <file relUrl="Pages/MoreFreeGames.aspx" publishTime="07/14/2013 12:20:37" />
    <file relUrl="UserControls/TermsAndCondition.ascx" publishTime="07/14/2013 16:09:43" />
    <file relUrl="UserControls/TestCharging.ascx" publishTime="06/01/2011 19:02:46" />
    <file relUrl="Pages/TopScorerWeb.aspx" publishTime="07/14/2011 11:45:09" />
    <file relUrl="Pages/Top50.aspx" publishTime="07/14/2013 12:20:36" />
    <file relUrl="UserControls/GameClubBanner.ascx" publishTime="03/25/2012 13:24:46" />
    <file relUrl="Pictures/Download_button.jpg" publishTime="04/12/2011 11:41:44" />
    <file relUrl="BlackBerryGames/MontyPythonsCowTossing.gif" publishTime="08/23/2011 13:28:20" />
    <file relUrl="UserControls/HCPP.ascx" publishTime="10/24/2011 14:17:40" />
    <file relUrl="Pages/LT.aspx" publishTime="07/14/2013 12:20:37" />
    <file relUrl="Pages/Landing.aspx" publishTime="07/14/2013 12:20:37" />
    <file relUrl="Pages/GuessGame.aspx" publishTime="07/14/2013 09:21:12" />
    <file relUrl="Pages/BBDownload.aspx" publishTime="08/23/2011 14:36:16" />
    <file relUrl="PnWScore.aspx" publishTime="09/27/2011 10:17:23" />
    <file relUrl="UserControls/RecommandedGames.ascx" publishTime="05/26/2011 11:36:46" />
    <file relUrl="Pages/RecommandedGames.aspx" publishTime="07/14/2013 12:20:37" />
    <file relUrl="UserControls/TopScorerWeb.ascx" publishTime="11/30/2011 18:11:10" />
    <file relUrl="UserControls/GameListNew.ascx" publishTime="02/26/2013 14:56:35" />
    <file relUrl="Default.aspx" publishTime="07/12/2013 16:33:26" />
    <file relUrl="UserControls/WappyPortalAccess.ascx" publishTime="05/30/2011 16:56:02" />
    <file relUrl="UserControls/LoadTest.ascx" publishTime="05/30/2012 12:00:35" />
    <file relUrl="UserControls/ContentDownload.ascx" publishTime="09/24/2012 15:34:11" />
    <file relUrl="Pages/Category.aspx" publishTime="07/14/2013 12:20:38" />
    <file relUrl="Pictures/ok_button.jpg" publishTime="05/23/2011 11:58:52" />
    <file relUrl="UserControls/BlackBerry.ascx" publishTime="08/21/2011 14:50:58" />
    <file relUrl="Pages/GCCompatibleSubscriber.aspx" publishTime="07/14/2013 15:12:05" />
    <file relUrl="Top50Banner/D176x208/Top_50_Wap_Banner.gif" publishTime="09/20/2012 10:36:39" />
    <file relUrl="UserControls/GameClubHome.ascx" publishTime="03/06/2012 10:48:13" />
    <file relUrl="UserControls/Support.ascx" publishTime="07/14/2013 16:08:59" />
    <file relUrl="Top50Banner/D240x320/Top_50_Wap_Banner.gif" publishTime="09/20/2012 10:36:39" />
    <file relUrl="bin/HC.UI.dll" publishTime="07/14/2013 16:10:01" />
    <file relUrl="Pages/GPTestDetails.aspx" publishTime="07/14/2013 12:20:37" />
    <file relUrl="Pictures/Btn_Join01.jpg" publishTime="04/24/2012 15:22:45" />
    <file relUrl="Top50Banner/D320x240/Top_50_Wap_Banner.gif" publishTime="09/20/2012 10:36:38" />
    <file relUrl="UserControls/Promotion.ascx" publishTime="05/15/2011 15:46:16" />
    <file relUrl="Pictures/Game_Club.jpg" publishTime="06/15/2011 18:30:14" />
    <file relUrl="Top50Banner/D120x160/Top_50_Wap_Banner.gif" publishTime="09/20/2012 10:36:39" />
    <file relUrl="Pages/RepeaterTest.aspx" publishTime="06/14/2011 18:44:06" />
    <file relUrl="Pictures/HighSpeed3D.gif" publishTime="07/03/2011 12:39:08" />
    <file relUrl="Pictures/PlayNWin.jpg" publishTime="09/28/2011 21:56:26" />
    <file relUrl="Pictures/search_button.jpg" publishTime="05/16/2011 16:17:17" />
    <file relUrl="Pictures/Btn_Ok01.jpg" publishTime="04/24/2012 15:22:45" />
    <file relUrl="Pages/BB.aspx" publishTime="08/23/2011 14:36:38" />
    <file relUrl="UserControls/OtherLinks.ascx" publishTime="07/12/2013 17:10:17" />
    <file relUrl="Pictures/Priyo_Top-50.jpg" publishTime="09/23/2012 11:54:00" />
    <file relUrl="UserControls/OnlineGames.ascx" publishTime="12/26/2012 12:44:10" />
    <file relUrl="Pages/UnderConstruction.aspx" publishTime="07/14/2013 12:20:36" />
    <file relUrl="Pages/GetHoiChoiJG.aspx" publishTime="07/14/2013 12:20:37" />
    <file relUrl="UserControls/PlayAndWinDetails.ascx" publishTime="12/29/2011 18:39:47" />
    <file relUrl="Pictures/download.jpg" publishTime="07/14/2013 09:17:12" />
    <file relUrl="bin/HC.BLL.dll" publishTime="07/14/2013 14:41:31" />
    <file relUrl="UserControls/TrackDetails.ascx" publishTime="08/17/2011 13:49:01" />
    <file relUrl="UserControls/Download.ascx" publishTime="05/20/2013 16:50:45" />
    <file relUrl="UserControls/Footer.ascx" publishTime="07/12/2013 17:11:18" />
    <file relUrl="UserControls/WithPortalAccess.ascx" publishTime="05/30/2011 16:42:24" />
    <file relUrl="Pages/Test.aspx" publishTime="06/14/2011 18:44:05" />
    <file relUrl="Utilities/HCConfig_WAP.xml" publishTime="07/14/2013 15:44:26" />
    <file relUrl="Pages/PWTest.aspx" publishTime="07/14/2013 12:20:37" />
    <file relUrl="Pages/GuessWordTopScore.aspx" publishTime="07/14/2013 12:20:37" />
    <file relUrl="Pages/GCTnC.aspx" publishTime="07/14/2013 12:20:37" />
    <file relUrl="BlackBerryGames/UPL2011_50x50_p.gif" publishTime="08/23/2011 13:28:20" />
  </publishTarget>
</publishData>