﻿<?xml version="1.0" encoding="utf-8" ?>
<Configurations>
  <!-- DB Connection for 192.168.10.17 Server [GP_CGW] -->
  <!--
  <ConnectionString>Data Source=192.168.10.19;Initial Catalog=GP_CGW;User Id=sa;Password=theviggo;</ConnectionString>
  -->
  <ConnectionString>Data Source=192.168.10.19;Initial Catalog=HoiChoi;User Id=sa;Password=theviggo;</ConnectionString>
  <!-- Log File Location -->
  <LogFilePath>~/Template</LogFilePath>
  <!-- Banner Path -->
  <BannerPath>http://wap.robiplay.com/CMS/UIHeader/</BannerPath>
  <!-- Banner Default Path -->
  <BannerDefaultPath>http://wap.robiplay.com/CMS/UIHeader/D208x144/</BannerDefaultPath>
  <!-- Preview Path -->
  <PreviewPath>http://wap.robiplay.com/CMS/GamePreview/</PreviewPath>
  <!-- Game Path -->
  <GamePath>http://wap.robiplay.com/CMS/GameFile/</GamePath>
</Configurations>